-- FamilyHub Production Seed
-- Generated from device local database on 2026-03-29
-- Run in Supabase SQL Editor after applying all migrations.

-- Family
INSERT INTO families (id, name, created_at, updated_at) VALUES
  ('00000000-0000-0000-0000-000000000001', 'Morais', '2026-03-27T23:16:48.635709+00:00', '2026-03-28T23:48:56.402147+00:00')
ON CONFLICT (id) DO NOTHING;

-- Profiles
INSERT INTO profiles (id, display_name, avatar_url, family_id, status, email, role, sort_order, created_at, updated_at) VALUES
  ('00000000-0000-0000-0001-000000000001', 'Filipe', NULL, '00000000-0000-0000-0000-000000000001', 'enrolled', 'filipe.tavares.morais@gmail.com', 'admin', 1, '2026-03-27T23:16:48.635709+00:00', '2026-03-28T00:46:33.594962+00:00'),
  ('00000000-0000-0000-0001-000000000002', 'Angela', NULL, '00000000-0000-0000-0000-000000000001', 'active', NULL, 'admin', 2, '2026-03-27T23:16:48.635709+00:00', '2026-03-28T00:46:33.594962+00:00'),
  ('00000000-0000-0000-0001-000000000003', 'Aurora', NULL, '00000000-0000-0000-0000-000000000001', 'active', NULL, 'child', 3, '2026-03-27T23:16:48.635709+00:00', '2026-03-28T00:46:33.594962+00:00'),
  ('00000000-0000-0000-0001-000000000004', 'Isabel', NULL, '00000000-0000-0000-0000-000000000001', 'active', NULL, 'child', 4, '2026-03-27T23:16:48.635709+00:00', '2026-03-28T00:46:33.594962+00:00')
ON CONFLICT (id) DO NOTHING;

-- Tags
INSERT INTO tags (id, family_id, name, color, icon, active, sort_order, created_at, updated_at) VALUES
  ('a9444a66-0cf0-4b3c-8f0b-1fab86d373b9', '00000000-0000-0000-0000-000000000001', 'UE', '#3F51B5', 'star-circle-outline', true, 1, '2026-03-27T23:21:33.124Z', '2026-03-28T16:23:00.900Z'),
  ('227382f4-868f-436f-844b-1353ff650770', '00000000-0000-0000-0000-000000000001', 'Não UE', '#D32F2F', 'earth', true, 2, '2026-03-27T23:21:10.368Z', '2026-03-28T16:21:33.447Z'),
  ('ba09b69b-e8fa-41b4-b5f9-cc3373840318', '00000000-0000-0000-0000-000000000001', 'Shengen', '#3F51B5', 'home', true, 3, '2026-03-28T00:44:29.845Z', '2026-03-28T16:23:04.745Z'),
  ('c612cffa-b8fe-413b-a8f7-8f4c76d8e759', '00000000-0000-0000-0000-000000000001', 'Não Shengen', '#D32F2F', 'passport', true, 4, '2026-03-28T00:44:39.673Z', '2026-03-28T16:23:10.427Z'),
  ('f64693f4-f161-4b0e-9075-90fcc03338a6', '00000000-0000-0000-0000-000000000001', 'Zona Euro', '#3F51B5', 'currency-eur', true, 5, '2026-03-28T00:45:26.273Z', '2026-03-28T16:23:07.406Z'),
  ('a924053a-689f-4e6b-9e27-848137791ca1', '00000000-0000-0000-0000-000000000001', 'Forex', '#D32F2F', 'currency-usd', true, 6, '2026-03-28T00:45:36.525Z', '2026-03-28T16:23:12.678Z'),
  ('376d7631-ca2b-4ba6-9f8d-031648162147', '00000000-0000-0000-0000-000000000001', 'Curta Duração', '#E67E22', 'watch', true, 7, '2026-03-28T00:44:51.845Z', '2026-03-28T16:23:24.102Z'),
  ('55fbbd53-6dde-4b45-b90f-5331b9d1e1ee', '00000000-0000-0000-0000-000000000001', 'Longa Duração', '#00897B', 'compass', true, 8, '2026-03-28T00:20:08.031Z', '2026-03-28T17:08:49.031Z'),
  ('039fe6a7-94fb-4075-a37b-4a11e331a9d2', '00000000-0000-0000-0000-000000000001', 'Trabalho', '#795548', 'briefcase', true, 9, '2026-03-28T00:53:43.875Z', '2026-03-28T16:22:17.551Z'),
  ('e5ab85a7-beca-479d-9b07-9fb9bb0502cd', '00000000-0000-0000-0000-000000000001', 'Férias', '#388E3C', 'palm-tree', true, 10, '2026-03-28T00:53:51.148Z', '2026-03-28T22:23:39.744Z'),
  ('b7a105f3-b242-47d6-a74b-5c837d79ab72', '00000000-0000-0000-0000-000000000001', 'Avião', '#9C27B0', 'airplane', true, 11, '2026-03-28T00:54:10.258Z', '2026-03-28T16:23:44.005Z'),
  ('917f675a-68d1-48dd-ad4f-9993a52a73f3', '00000000-0000-0000-0000-000000000001', 'Road trip', '#607D8B', 'car', true, 12, '2026-03-28T00:54:19.899Z', '2026-03-28T16:23:47.338Z'),
  ('ea7ead68-f2e2-45dc-b005-af3e97b310f4', '00000000-0000-0000-0000-000000000001', 'Rent-a-car', '#888888', 'car', true, 13, '2026-03-28T00:54:55.260Z', '2026-03-28T16:23:52.035Z'),
  ('ed6620e0-040d-4d16-b49e-65cdaa2eabc8', '00000000-0000-0000-0000-000000000001', 'Calor', '#E67E22', 'weather-sunny', true, 14, '2026-03-28T01:19:20.435Z', '2026-03-28T16:22:53.929Z'),
  ('19c04128-8cf1-42cf-91e3-1ceb49dae35b', '00000000-0000-0000-0000-000000000001', 'Frio', '#03A9F4', 'snowflake', true, 15, '2026-03-28T01:20:18.214Z', '2026-03-28T16:22:56.733Z'),
  ('67d584db-d29e-4dd6-92a1-28d608e481ab', '00000000-0000-0000-0000-000000000001', 'Crianças', '#C2185B', 'teddy-bear', true, 16, '2026-03-28T22:17:13.952Z', '2026-03-28T22:17:20.741Z'),
  ('3f8cc40c-f28a-41e8-82b1-74d185f8c489', '00000000-0000-0000-0000-000000000001', 'Praia', '#4CAF50', 'umbrella-beach', true, 17, '2026-03-28T22:23:31.336Z', '2026-03-28T22:23:31.336Z')
ON CONFLICT (id) DO NOTHING;

-- Categories
INSERT INTO categories (id, family_id, name, icon, active, sort_order, created_at, updated_at) VALUES
  ('9f685cea-2afc-48de-a333-749c29b00fba', '00000000-0000-0000-0000-000000000001', 'Carteira', 'shopping', true, 1, '2026-03-27T23:23:46.944Z', '2026-03-28T01:27:42.815Z'),
  ('23838d73-ed06-4ffe-a79d-ef43c3337272', '00000000-0000-0000-0000-000000000001', 'Roupa', 'tshirt-crew', true, 2, '2026-03-28T00:29:53.071Z', '2026-03-28T01:27:42.844Z'),
  ('41b86266-f5e9-4e9a-9647-053de6d73768', '00000000-0000-0000-0000-000000000001', 'Necessaire', 'bandage', true, 3, '2026-03-28T00:27:30.393Z', '2026-03-28T16:19:11.495Z'),
  ('24c6148f-f5b4-41ed-b091-c60e02de1910', '00000000-0000-0000-0000-000000000001', 'Eletronica', 'power-plug', true, 4, '2026-03-28T00:30:16.661Z', '2026-03-28T16:19:14.085Z'),
  ('4d6099b7-bc21-483e-b33f-40e9a8b2a049', '00000000-0000-0000-0000-000000000001', 'Outros', 'book-open-variant', true, 5, '2026-03-28T00:26:14.806Z', '2026-03-29T15:40:40.136Z'),
  ('c758d130-7151-488e-9706-1e33509fb30c', '00000000-0000-0000-0000-000000000001', 'Praia', 'umbrella-beach', true, 6, '2026-03-27T23:26:03.061Z', '2026-03-29T00:20:37.353Z'),
  ('643d7188-596a-4be9-aa47-a6e21da804d2', '00000000-0000-0000-0000-000000000001', 'Crianças', 'teddy-bear', true, 7, '2026-03-29T00:40:03.115Z', '2026-03-29T00:40:03.115Z')
ON CONFLICT (id) DO NOTHING;

-- Template items
INSERT INTO template_items (id, family_id, title, category_id, quantity, is_all_family, created_at, updated_at) VALUES
  ('00c76451-7c17-4ae7-9321-1e47c8965cfa', '00000000-0000-0000-0000-000000000001', 'Luvas', '23838d73-ed06-4ffe-a79d-ef43c3337272', 1, false, '2026-03-28T00:42:26.886Z', '2026-03-28T01:27:17.753Z'),
  ('08458399-7fea-4d61-96f6-a75c2dc88dfd', '00000000-0000-0000-0000-000000000001', 'Cartão de Saúde Europeu', '9f685cea-2afc-48de-a333-749c29b00fba', 1, false, '2026-03-28T00:31:12.059Z', '2026-03-28T00:55:30.767Z'),
  ('09e2c09d-9137-4764-8ae2-2da6fda28e0d', '00000000-0000-0000-0000-000000000001', 'Kobo', '24c6148f-f5b4-41ed-b091-c60e02de1910', 1, false, '2026-03-28T00:53:07.157Z', '2026-03-28T22:21:37.240Z'),
  ('18ad700e-3bdd-48ec-b481-43ba9b329ed3', '00000000-0000-0000-0000-000000000001', 'Piscina', 'c758d130-7151-488e-9706-1e33509fb30c', 1, true, '2026-03-28T00:24:20.787Z', '2026-03-29T00:21:21.713Z'),
  ('1ea069ee-2502-4ad4-a9ca-eb4c4fc8d4c5', '00000000-0000-0000-0000-000000000001', 'Casacos polares', '23838d73-ed06-4ffe-a79d-ef43c3337272', 1, false, '2026-03-28T00:42:21.288Z', '2026-03-28T01:27:07.094Z'),
  ('25420f62-702e-4db8-80ef-2fa2e31a1249', '00000000-0000-0000-0000-000000000001', 'Cartão de cidadão', '9f685cea-2afc-48de-a333-749c29b00fba', 1, false, '2026-03-27T23:30:26.340Z', '2026-03-28T00:55:30.709Z'),
  ('283824e3-a57c-41ae-b992-b42fe275b29d', '00000000-0000-0000-0000-000000000001', 'Dinheiros', '9f685cea-2afc-48de-a333-749c29b00fba', 1, true, '2026-03-28T00:50:32.582Z', '2026-03-28T00:55:30.767Z'),
  ('399846a4-4eff-45e3-b0a8-980bf03b81fe', '00000000-0000-0000-0000-000000000001', 'Gorros', '23838d73-ed06-4ffe-a79d-ef43c3337272', 1, false, '2026-03-28T00:42:12.046Z', '2026-03-28T01:27:14.324Z'),
  ('39c6f0f0-c50d-4dad-b8af-ee89158f9ef1', '00000000-0000-0000-0000-000000000001', 'Cachecois', '23838d73-ed06-4ffe-a79d-ef43c3337272', 1, false, '2026-03-28T00:42:31.612Z', '2026-03-28T01:26:55.052Z'),
  ('3f2f2225-1270-4855-8bd3-5a9ee102aa03', '00000000-0000-0000-0000-000000000001', 'Camisas termicas', '23838d73-ed06-4ffe-a79d-ef43c3337272', 1, false, '2026-03-28T00:42:38.443Z', '2026-03-28T01:27:03.517Z'),
  ('40376577-0323-4919-819f-43db83bdf772', '00000000-0000-0000-0000-000000000001', 'Mala Térmica', 'c758d130-7151-488e-9706-1e33509fb30c', 1, true, '2026-03-28T00:36:17.558Z', '2026-03-29T00:21:18.901Z'),
  ('7282c48e-2a16-47fe-a986-0a84ffb088d0', '00000000-0000-0000-0000-000000000001', 'Carregador telemovel', '24c6148f-f5b4-41ed-b091-c60e02de1910', 1, false, '2026-03-27T23:31:07.188Z', '2026-03-28T00:55:30.721Z'),
  ('789af9b4-d13f-43d4-9a26-1c04ec077eae', '00000000-0000-0000-0000-000000000001', 'Power Bank Grande', '24c6148f-f5b4-41ed-b091-c60e02de1910', 1, true, '2026-03-28T00:28:40.836Z', '2026-03-28T00:55:30.767Z'),
  ('8545adfc-465e-45c8-859a-7fa9cd0b5afe', '00000000-0000-0000-0000-000000000001', 'Vaselina', '41b86266-f5e9-4e9a-9647-053de6d73768', 1, true, '2026-03-28T00:43:35.142Z', '2026-03-28T22:07:50.433Z'),
  ('8737a5a3-4376-447b-ad55-92b4d8609528', '00000000-0000-0000-0000-000000000001', 'Couvetes', 'c758d130-7151-488e-9706-1e33509fb30c', 4, true, '2026-03-28T00:36:44.342Z', '2026-03-29T00:20:57.559Z'),
  ('93d6c173-ea56-48fc-86e0-7fd58042a5cb', '00000000-0000-0000-0000-000000000001', 'Passaporte', '9f685cea-2afc-48de-a333-749c29b00fba', 1, false, '2026-03-27T23:29:19.977Z', '2026-03-28T00:55:30.391Z'),
  ('96e25e3a-e880-41d5-97eb-9b7e3886e077', '00000000-0000-0000-0000-000000000001', 'Fraldas de Água', 'c758d130-7151-488e-9706-1e33509fb30c', 1, false, '2026-03-28T00:33:46.527Z', '2026-03-29T00:21:03.589Z'),
  ('a85046cf-4924-4e50-974b-cc3cfefe45fd', '00000000-0000-0000-0000-000000000001', 'Fatos de banho', 'c758d130-7151-488e-9706-1e33509fb30c', 1, false, '2026-03-28T00:33:19.029Z', '2026-03-29T00:21:01.295Z'),
  ('b56c0c7f-e9d7-4fab-811f-6684712c8055', '00000000-0000-0000-0000-000000000001', 'Chapéu', '23838d73-ed06-4ffe-a79d-ef43c3337272', 1, false, '2026-03-28T00:22:57.392Z', '2026-03-28T01:26:34.714Z'),
  ('b8eb3562-bbd9-4783-bcd1-81eaa2025260', '00000000-0000-0000-0000-000000000001', 'Cartão de credito', '9f685cea-2afc-48de-a333-749c29b00fba', 1, false, '2026-03-28T00:50:55.919Z', '2026-03-28T00:55:30.767Z'),
  ('c8814c4e-a1f6-41e9-9d41-1301346cdac8', '00000000-0000-0000-0000-000000000001', 'Protetor Solar', '41b86266-f5e9-4e9a-9647-053de6d73768', 1, false, '2026-03-28T00:22:47.305Z', '2026-03-28T22:07:46.656Z'),
  ('d9f4bc49-32f2-4a50-85b7-bcc4709db2de', '00000000-0000-0000-0000-000000000001', 'Chapéu de sol', 'c758d130-7151-488e-9706-1e33509fb30c', 1, true, '2026-03-28T00:20:33.800Z', '2026-03-29T00:20:55.220Z'),
  ('e0399e50-4212-4e49-bd42-4eca7a167c7f', '00000000-0000-0000-0000-000000000001', 'Cachecol', '23838d73-ed06-4ffe-a79d-ef43c3337272', 1, false, '2026-03-28T00:43:19.018Z', '2026-03-28T01:26:59.731Z'),
  ('e57742af-49b7-4ed6-8dd8-f24bfa84cd79', '00000000-0000-0000-0000-000000000001', 'Brinquedos', 'c758d130-7151-488e-9706-1e33509fb30c', 1, false, '2026-03-28T00:24:43.996Z', '2026-03-29T00:20:53.031Z'),
  ('e73f985b-232a-4f5e-9dd8-505b03900868', '00000000-0000-0000-0000-000000000001', 'Carregador kobo', '24c6148f-f5b4-41ed-b091-c60e02de1910', 1, false, '2026-03-28T00:53:19.827Z', '2026-03-28T22:22:03.459Z'),
  ('f2e2e77d-67b7-43e1-8d90-c605b83fd75e', '00000000-0000-0000-0000-000000000001', 'Collants/ciroilas', '23838d73-ed06-4ffe-a79d-ef43c3337272', 1, false, '2026-03-28T00:42:48.987Z', '2026-03-28T01:27:10.743Z'),
  ('ffe9fb29-333e-4475-931d-a6c4878a370a', '00000000-0000-0000-0000-000000000001', 'Power Bank Pequeno', '24c6148f-f5b4-41ed-b091-c60e02de1910', 1, true, '2026-03-28T00:31:49.018Z', '2026-03-28T00:55:30.767Z'),
  ('ffffe31d-a84f-4142-abfc-bcd40726ef9c', '00000000-0000-0000-0000-000000000001', 'Livro', '4d6099b7-bc21-483e-b33f-40e9a8b2a049', 1, false, '2026-03-28T00:52:42.991Z', '2026-03-29T00:21:15.952Z'),
  ('dc65f071-1b0c-4470-9ba7-31bf3c046c1f', '00000000-0000-0000-0000-000000000001', 'Deck', '24c6148f-f5b4-41ed-b091-c60e02de1910', 1, false, '2026-03-28T17:09:49.723Z', '2026-03-28T22:21:59.192Z'),
  ('b167e7bc-e2db-4051-aa20-d3adb8c6e855', '00000000-0000-0000-0000-000000000001', 'Deck - carregador', '24c6148f-f5b4-41ed-b091-c60e02de1910', 1, false, '2026-03-28T17:09:57.910Z', '2026-03-28T22:21:33.008Z'),
  ('34799b15-ea8f-40e9-9420-ee1491499cec', '00000000-0000-0000-0000-000000000001', 'Meias', '23838d73-ed06-4ffe-a79d-ef43c3337272', 1, false, '2026-03-28T17:12:38.331Z', '2026-03-28T22:10:42.039Z'),
  ('09fe7f7f-1f89-42d1-a929-eb977d7ed521', '00000000-0000-0000-0000-000000000001', 'Cuecas', '23838d73-ed06-4ffe-a79d-ef43c3337272', 1, false, '2026-03-28T17:12:47.360Z', '2026-03-28T17:12:47.360Z'),
  ('ea5597af-fd17-4dc9-b15f-5988936d8bee', '00000000-0000-0000-0000-000000000001', 'Sapatos de água', 'c758d130-7151-488e-9706-1e33509fb30c', 1, false, '2026-03-28T22:08:57.837Z', '2026-03-29T00:21:24.365Z'),
  ('65ca6146-435c-4acd-b79b-f77d5eb9410d', '00000000-0000-0000-0000-000000000001', 'Toalha de praia', 'c758d130-7151-488e-9706-1e33509fb30c', 1, false, '2026-03-28T22:09:16.825Z', '2026-03-29T00:21:29.641Z'),
  ('1077e8ea-45b8-4d70-9f3a-8a7a9b76b59c', '00000000-0000-0000-0000-000000000001', 'Calças', '23838d73-ed06-4ffe-a79d-ef43c3337272', 1, false, '2026-03-28T22:10:16.135Z', '2026-03-28T22:10:16.135Z'),
  ('ce4bb6b6-4b66-4fc3-a317-86b451aa108b', '00000000-0000-0000-0000-000000000001', 'Calções/Saias', '23838d73-ed06-4ffe-a79d-ef43c3337272', 1, false, '2026-03-28T22:10:32.915Z', '2026-03-28T22:10:32.915Z'),
  ('49679b6c-b3bb-4f65-8c13-d1e6057146f1', '00000000-0000-0000-0000-000000000001', 'T-shirts/Camisas', '23838d73-ed06-4ffe-a79d-ef43c3337272', 1, false, '2026-03-28T22:11:04.948Z', '2026-03-28T22:11:35.950Z'),
  ('19e931b6-5e2b-434d-8a7b-b55cc01ae078', '00000000-0000-0000-0000-000000000001', 'Casaco', '23838d73-ed06-4ffe-a79d-ef43c3337272', 1, false, '2026-03-28T22:11:17.349Z', '2026-03-28T22:11:17.349Z'),
  ('9e559c13-5aae-4f45-8057-507c8aa7912d', '00000000-0000-0000-0000-000000000001', 'Vestidos', '23838d73-ed06-4ffe-a79d-ef43c3337272', 1, false, '2026-03-28T22:11:27.802Z', '2026-03-28T22:11:27.802Z'),
  ('c02647b7-101c-409f-a49f-c87aff2145f3', '00000000-0000-0000-0000-000000000001', 'Eutirox', '41b86266-f5e9-4e9a-9647-053de6d73768', 1, false, '2026-03-28T22:12:54.256Z', '2026-03-29T15:54:25.723Z'),
  ('8b0a8b6a-ff6a-4376-a215-96e8b0ca8628', '00000000-0000-0000-0000-000000000001', 'Bebegel', '41b86266-f5e9-4e9a-9647-053de6d73768', 1, false, '2026-03-28T22:13:09.164Z', '2026-03-28T22:19:31.395Z'),
  ('83053904-eaa2-45b6-abe0-b194ae754c43', '00000000-0000-0000-0000-000000000001', 'Fraldas dormir', '643d7188-596a-4be9-aa47-a6e21da804d2', 1, false, '2026-03-28T22:13:28.918Z', '2026-03-29T15:53:26.542Z'),
  ('f3a49ff4-d258-4cf6-8c5d-1aff697be86b', '00000000-0000-0000-0000-000000000001', 'Fraldas', '643d7188-596a-4be9-aa47-a6e21da804d2', 1, false, '2026-03-28T22:13:42.777Z', '2026-03-29T15:53:20.817Z'),
  ('2ae1df6a-1967-4587-8d12-71a354a584ee', '00000000-0000-0000-0000-000000000001', 'Pasta de dentes', '41b86266-f5e9-4e9a-9647-053de6d73768', 1, false, '2026-03-28T22:14:01.387Z', '2026-03-28T22:19:14.105Z'),
  ('e2916598-678d-492e-ae18-5badd37a27e8', '00000000-0000-0000-0000-000000000001', 'Pasta de dentes adulto', '41b86266-f5e9-4e9a-9647-053de6d73768', 1, true, '2026-03-28T22:14:09.194Z', '2026-03-28T22:19:10.597Z'),
  ('f8541925-6459-4d29-ba5b-5011e57414e5', '00000000-0000-0000-0000-000000000001', 'Escova de dentes', '41b86266-f5e9-4e9a-9647-053de6d73768', 1, false, '2026-03-28T22:15:12.052Z', '2026-03-28T22:15:12.052Z'),
  ('552d2672-355d-4e63-b2d5-cf522a8f933b', '00000000-0000-0000-0000-000000000001', 'Lâmina de barbear', '41b86266-f5e9-4e9a-9647-053de6d73768', 1, false, '2026-03-28T22:15:40.087Z', '2026-03-28T22:15:40.087Z'),
  ('1fff32a2-a2f0-4851-8a3f-15acfc105e70', '00000000-0000-0000-0000-000000000001', 'Desodorizante', '41b86266-f5e9-4e9a-9647-053de6d73768', 1, false, '2026-03-28T22:15:51.862Z', '2026-03-28T22:15:51.862Z'),
  ('eed353c0-94e6-48be-b02e-597c7c503c1f', '00000000-0000-0000-0000-000000000001', 'Perfume', '41b86266-f5e9-4e9a-9647-053de6d73768', 1, false, '2026-03-28T22:15:58.993Z', '2026-03-28T22:15:58.993Z'),
  ('08bc1e49-6359-4b98-be27-edb0b294cd44', '00000000-0000-0000-0000-000000000001', 'Shampoo', '41b86266-f5e9-4e9a-9647-053de6d73768', 1, false, '2026-03-28T22:16:24.207Z', '2026-03-28T22:19:45.087Z'),
  ('615fb5c3-90b0-4871-bb78-b48e24f32141', '00000000-0000-0000-0000-000000000001', 'Sabonete', '41b86266-f5e9-4e9a-9647-053de6d73768', 1, true, '2026-03-28T22:16:31.054Z', '2026-03-28T22:16:31.054Z'),
  ('13b020c7-3100-4ea7-b932-8d1ae58cfd3c', '00000000-0000-0000-0000-000000000001', 'Gel criança', '41b86266-f5e9-4e9a-9647-053de6d73768', 1, true, '2026-03-28T22:16:42.847Z', '2026-03-28T22:18:15.628Z'),
  ('0edde97a-d2aa-4331-83a0-70bfbc700899', '00000000-0000-0000-0000-000000000001', 'Ursinho de dormir', '643d7188-596a-4be9-aa47-a6e21da804d2', 1, false, '2026-03-29T00:21:59.577Z', '2026-03-29T15:39:40.758Z'),
  ('efef8c72-169f-40f3-b45f-86f14b5c6e9d', '00000000-0000-0000-0000-000000000001', 'Radios', '643d7188-596a-4be9-aa47-a6e21da804d2', 1, true, '2026-03-29T00:22:15.266Z', '2026-03-29T15:39:45.371Z'),
  ('d5f3fdbf-f758-415e-b5a7-1bd7e019d158', '00000000-0000-0000-0000-000000000001', 'Livros para dormir', '643d7188-596a-4be9-aa47-a6e21da804d2', 1, false, '2026-03-29T15:41:26.263Z', '2026-03-29T15:41:26.263Z'),
  ('47bb1cfd-b186-4c75-b120-4a3578c8ddad', '00000000-0000-0000-0000-000000000001', 'Copo de água', '643d7188-596a-4be9-aa47-a6e21da804d2', 1, false, '2026-03-29T15:41:55.093Z', '2026-03-29T15:42:19.628Z'),
  ('53dfd120-c44b-48dd-a37f-00b5a9b3b97f', '00000000-0000-0000-0000-000000000001', 'Biberon', '643d7188-596a-4be9-aa47-a6e21da804d2', 1, false, '2026-03-29T15:42:01.059Z', '2026-03-29T15:42:21.977Z'),
  ('2c1e719f-e9a3-4823-97b2-569138d088cc', '00000000-0000-0000-0000-000000000001', 'Bio Gaia', '41b86266-f5e9-4e9a-9647-053de6d73768', 1, false, '2026-03-29T15:54:01.521Z', '2026-03-29T15:54:01.521Z'),
  ('fdcae3d0-fbbf-4d88-91b5-4f810ac31ade', '00000000-0000-0000-0000-000000000001', 'Vita Dê', '41b86266-f5e9-4e9a-9647-053de6d73768', 1, false, '2026-03-29T15:54:15.883Z', '2026-03-29T15:54:15.883Z'),
  ('6a5549cd-dcd5-4365-a31b-bf7cf779f057', '00000000-0000-0000-0000-000000000001', 'Toalhetes', '41b86266-f5e9-4e9a-9647-053de6d73768', 1, true, '2026-03-29T15:56:55.452Z', '2026-03-29T15:56:55.452Z'),
  ('6b80cdd1-1f8f-4c53-a213-632a017fece3', '00000000-0000-0000-0000-000000000001', 'Compressas', '41b86266-f5e9-4e9a-9647-053de6d73768', 1, false, '2026-03-29T15:57:17.922Z', '2026-03-29T15:57:17.922Z')
ON CONFLICT (id) DO NOTHING;

-- Template item tags
INSERT INTO template_item_tags (template_item_id, tag_id) VALUES
  ('08458399-7fea-4d61-96f6-a75c2dc88dfd', 'a9444a66-0cf0-4b3c-8f0b-1fab86d373b9'),
  ('b56c0c7f-e9d7-4fab-811f-6684712c8055', 'ed6620e0-040d-4d16-b49e-65cdaa2eabc8'),
  ('399846a4-4eff-45e3-b0a8-980bf03b81fe', '19c04128-8cf1-42cf-91e3-1ceb49dae35b'),
  ('39c6f0f0-c50d-4dad-b8af-ee89158f9ef1', '19c04128-8cf1-42cf-91e3-1ceb49dae35b'),
  ('e0399e50-4212-4e49-bd42-4eca7a167c7f', '19c04128-8cf1-42cf-91e3-1ceb49dae35b'),
  ('93d6c173-ea56-48fc-86e0-7fd58042a5cb', 'c612cffa-b8fe-413b-a8f7-8f4c76d8e759'),
  ('f2e2e77d-67b7-43e1-8d90-c605b83fd75e', '19c04128-8cf1-42cf-91e3-1ceb49dae35b'),
  ('3f2f2225-1270-4855-8bd3-5a9ee102aa03', '19c04128-8cf1-42cf-91e3-1ceb49dae35b'),
  ('25420f62-702e-4db8-80ef-2fa2e31a1249', 'ba09b69b-e8fa-41b4-b5f9-cc3373840318'),
  ('789af9b4-d13f-43d4-9a26-1c04ec077eae', '55fbbd53-6dde-4b45-b90f-5331b9d1e1ee'),
  ('1ea069ee-2502-4ad4-a9ca-eb4c4fc8d4c5', '19c04128-8cf1-42cf-91e3-1ceb49dae35b'),
  ('00c76451-7c17-4ae7-9321-1e47c8965cfa', '19c04128-8cf1-42cf-91e3-1ceb49dae35b'),
  ('c8814c4e-a1f6-41e9-9d41-1301346cdac8', 'ed6620e0-040d-4d16-b49e-65cdaa2eabc8'),
  ('8545adfc-465e-45c8-859a-7fa9cd0b5afe', '19c04128-8cf1-42cf-91e3-1ceb49dae35b'),
  ('ce4bb6b6-4b66-4fc3-a317-86b451aa108b', 'ed6620e0-040d-4d16-b49e-65cdaa2eabc8'),
  ('13b020c7-3100-4ea7-b932-8d1ae58cfd3c', '67d584db-d29e-4dd6-92a1-28d608e481ab'),
  ('2ae1df6a-1967-4587-8d12-71a354a584ee', '67d584db-d29e-4dd6-92a1-28d608e481ab'),
  ('8b0a8b6a-ff6a-4376-a215-96e8b0ca8628', '67d584db-d29e-4dd6-92a1-28d608e481ab'),
  ('b167e7bc-e2db-4051-aa20-d3adb8c6e855', '55fbbd53-6dde-4b45-b90f-5331b9d1e1ee'),
  ('dc65f071-1b0c-4470-9ba7-31bf3c046c1f', '55fbbd53-6dde-4b45-b90f-5331b9d1e1ee'),
  ('e57742af-49b7-4ed6-8dd8-f24bfa84cd79', '3f8cc40c-f28a-41e8-82b1-74d185f8c489'),
  ('d9f4bc49-32f2-4a50-85b7-bcc4709db2de', '55fbbd53-6dde-4b45-b90f-5331b9d1e1ee'),
  ('d9f4bc49-32f2-4a50-85b7-bcc4709db2de', '3f8cc40c-f28a-41e8-82b1-74d185f8c489'),
  ('8737a5a3-4376-447b-ad55-92b4d8609528', '3f8cc40c-f28a-41e8-82b1-74d185f8c489'),
  ('a85046cf-4924-4e50-974b-cc3cfefe45fd', '3f8cc40c-f28a-41e8-82b1-74d185f8c489'),
  ('96e25e3a-e880-41d5-97eb-9b7e3886e077', '3f8cc40c-f28a-41e8-82b1-74d185f8c489'),
  ('40376577-0323-4919-819f-43db83bdf772', '3f8cc40c-f28a-41e8-82b1-74d185f8c489'),
  ('18ad700e-3bdd-48ec-b481-43ba9b329ed3', '55fbbd53-6dde-4b45-b90f-5331b9d1e1ee'),
  ('18ad700e-3bdd-48ec-b481-43ba9b329ed3', '3f8cc40c-f28a-41e8-82b1-74d185f8c489'),
  ('ea5597af-fd17-4dc9-b15f-5988936d8bee', '3f8cc40c-f28a-41e8-82b1-74d185f8c489'),
  ('65ca6146-435c-4acd-b79b-f77d5eb9410d', '3f8cc40c-f28a-41e8-82b1-74d185f8c489'),
  ('0edde97a-d2aa-4331-83a0-70bfbc700899', '67d584db-d29e-4dd6-92a1-28d608e481ab'),
  ('efef8c72-169f-40f3-b45f-86f14b5c6e9d', '67d584db-d29e-4dd6-92a1-28d608e481ab'),
  ('d5f3fdbf-f758-415e-b5a7-1bd7e019d158', '67d584db-d29e-4dd6-92a1-28d608e481ab'),
  ('47bb1cfd-b186-4c75-b120-4a3578c8ddad', '67d584db-d29e-4dd6-92a1-28d608e481ab'),
  ('53dfd120-c44b-48dd-a37f-00b5a9b3b97f', '67d584db-d29e-4dd6-92a1-28d608e481ab'),
  ('f3a49ff4-d258-4cf6-8c5d-1aff697be86b', '67d584db-d29e-4dd6-92a1-28d608e481ab'),
  ('83053904-eaa2-45b6-abe0-b194ae754c43', '67d584db-d29e-4dd6-92a1-28d608e481ab'),
  ('2c1e719f-e9a3-4823-97b2-569138d088cc', '67d584db-d29e-4dd6-92a1-28d608e481ab'),
  ('fdcae3d0-fbbf-4d88-91b5-4f810ac31ade', '67d584db-d29e-4dd6-92a1-28d608e481ab'),
  ('c02647b7-101c-409f-a49f-c87aff2145f3', '67d584db-d29e-4dd6-92a1-28d608e481ab'),
  ('6a5549cd-dcd5-4365-a31b-bf7cf779f057', '67d584db-d29e-4dd6-92a1-28d608e481ab'),
  ('6b80cdd1-1f8f-4c53-a213-632a017fece3', '67d584db-d29e-4dd6-92a1-28d608e481ab')
ON CONFLICT DO NOTHING;

-- Template item profiles
INSERT INTO template_item_profiles (id, template_item_id, profile_id) VALUES
  ('14c1062d-2e12-4489-aa34-321dbfa9258e', 'b8eb3562-bbd9-4783-bcd1-81eaa2025260', '00000000-0000-0000-0001-000000000002'),
  ('6759927a-c6b9-4a7b-8279-7f1fd6fe2f09', 'b8eb3562-bbd9-4783-bcd1-81eaa2025260', '00000000-0000-0000-0001-000000000001'),
  ('ceec22de-4bac-40ea-b9a1-bbce10ea81a6', '9e559c13-5aae-4f45-8057-507c8aa7912d', '00000000-0000-0000-0001-000000000002'),
  ('80bf7331-0b92-4ab5-8ffc-1e3174ebdd95', '9e559c13-5aae-4f45-8057-507c8aa7912d', '00000000-0000-0000-0001-000000000003'),
  ('fff34bd7-f035-40ab-af83-b2cbe47e2577', '9e559c13-5aae-4f45-8057-507c8aa7912d', '00000000-0000-0000-0001-000000000004'),
  ('c74f9367-3b2b-4833-9ead-462bcaf2274c', '552d2672-355d-4e63-b2d5-cf522a8f933b', '00000000-0000-0000-0001-000000000001'),
  ('75815eac-d32f-4d06-a7be-1122015d5ef9', '1fff32a2-a2f0-4851-8a3f-15acfc105e70', '00000000-0000-0000-0001-000000000002'),
  ('c7886702-844f-405c-8389-f8797d02a759', '1fff32a2-a2f0-4851-8a3f-15acfc105e70', '00000000-0000-0000-0001-000000000001'),
  ('84f6b6e8-a22c-42b2-bf9b-94b29591c81f', 'eed353c0-94e6-48be-b02e-597c7c503c1f', '00000000-0000-0000-0001-000000000002'),
  ('6d4b115c-bcb2-411f-bdc2-5275e3ec26ad', 'eed353c0-94e6-48be-b02e-597c7c503c1f', '00000000-0000-0000-0001-000000000001'),
  ('79340c58-e0ea-49d5-a375-ffffbabdf53e', '2ae1df6a-1967-4587-8d12-71a354a584ee', '00000000-0000-0000-0001-000000000003'),
  ('636bae55-0dea-44a7-969d-4d17103036d2', '2ae1df6a-1967-4587-8d12-71a354a584ee', '00000000-0000-0000-0001-000000000004'),
  ('e6ad9866-8abe-49f5-8ae4-131352439b98', '8b0a8b6a-ff6a-4376-a215-96e8b0ca8628', '00000000-0000-0000-0001-000000000004'),
  ('49173792-27f4-42c7-8673-8ec71fc809f7', '08bc1e49-6359-4b98-be27-edb0b294cd44', '00000000-0000-0000-0001-000000000001'),
  ('fd2c2037-9b1a-4b35-9b11-acd095bbce8a', '08bc1e49-6359-4b98-be27-edb0b294cd44', '00000000-0000-0000-0001-000000000002'),
  ('ff98cedf-b9f5-4c3f-ba8f-f426eb9c9e52', 'b167e7bc-e2db-4051-aa20-d3adb8c6e855', '00000000-0000-0000-0001-000000000001'),
  ('851cfa23-2458-45fe-924c-b82da6048278', '09e2c09d-9137-4764-8ae2-2da6fda28e0d', '00000000-0000-0000-0001-000000000001'),
  ('2dfd7b92-3801-4663-8c56-3c09d6295038', 'dc65f071-1b0c-4470-9ba7-31bf3c046c1f', '00000000-0000-0000-0001-000000000001'),
  ('2f264d60-60f4-4b92-b5ec-58c391086da6', 'e73f985b-232a-4f5e-9dd8-505b03900868', '00000000-0000-0000-0001-000000000001'),
  ('3f278e57-e1f4-4edd-8b45-f458a9853085', 'e57742af-49b7-4ed6-8dd8-f24bfa84cd79', '00000000-0000-0000-0001-000000000003'),
  ('e623f270-40b9-41de-a393-d993b0442a2c', 'e57742af-49b7-4ed6-8dd8-f24bfa84cd79', '00000000-0000-0000-0001-000000000004'),
  ('d8ccf38d-846e-465d-8417-701e44693a2f', '96e25e3a-e880-41d5-97eb-9b7e3886e077', '00000000-0000-0000-0001-000000000004'),
  ('0f66f360-0cd5-414d-b992-85d373126c21', '96e25e3a-e880-41d5-97eb-9b7e3886e077', '00000000-0000-0000-0001-000000000003'),
  ('c9f94e48-a4a5-42aa-8489-4d1da249acca', 'ffffe31d-a84f-4142-abfc-bcd40726ef9c', '00000000-0000-0000-0001-000000000002'),
  ('da5b61a5-c764-4a3c-a035-b0cc202b173c', '0edde97a-d2aa-4331-83a0-70bfbc700899', '00000000-0000-0000-0001-000000000003'),
  ('7cfdf9bc-9f67-4abe-a1e5-86d259eb2670', 'd5f3fdbf-f758-415e-b5a7-1bd7e019d158', '00000000-0000-0000-0001-000000000003'),
  ('557121e8-2cf2-4902-ac9d-224c075c1198', '47bb1cfd-b186-4c75-b120-4a3578c8ddad', '00000000-0000-0000-0001-000000000003'),
  ('7fd250b5-20cc-4d9a-b514-bc89e242453b', '53dfd120-c44b-48dd-a37f-00b5a9b3b97f', '00000000-0000-0000-0001-000000000003'),
  ('a733bf1d-b556-4086-b7a8-9681d60750f0', 'f3a49ff4-d258-4cf6-8c5d-1aff697be86b', '00000000-0000-0000-0001-000000000004'),
  ('e3f2ae75-fb62-4895-9d5c-c90b5de5f5bb', '83053904-eaa2-45b6-abe0-b194ae754c43', '00000000-0000-0000-0001-000000000003'),
  ('47521b47-0b81-4c76-95ff-8f23d9d7fff8', '2c1e719f-e9a3-4823-97b2-569138d088cc', '00000000-0000-0000-0001-000000000004'),
  ('2cce9ed9-b9b4-45e9-9d65-42d509d7ec65', 'fdcae3d0-fbbf-4d88-91b5-4f810ac31ade', '00000000-0000-0000-0001-000000000004'),
  ('27e44787-f4a1-440e-ac99-7f8e5289e3ea', 'c02647b7-101c-409f-a49f-c87aff2145f3', '00000000-0000-0000-0001-000000000003'),
  ('39108f94-72dc-453a-814a-223bc4b82742', '6b80cdd1-1f8f-4c53-a213-632a017fece3', '00000000-0000-0000-0001-000000000004')
ON CONFLICT (id) DO NOTHING;

-- Task templates
INSERT INTO task_templates (id, family_id, title, deadline_days, is_all_family, active, created_at, updated_at) VALUES
  ('12b23d34-4128-4d51-a65d-bcfbc87b6931', '00000000-0000-0000-0000-000000000001', 'Rent-a-car', 30, true, true, '2026-03-28T00:07:38.357Z', '2026-03-28T01:28:23.703Z'),
  ('1d9a86a8-20e7-46dd-aea8-411d5a1f316c', '00000000-0000-0000-0000-000000000001', 'Verificar validade CC', 60, false, true, '2026-03-28T00:08:21.032Z', '2026-03-29T16:33:02.322Z'),
  ('1ee0061b-7a7a-4945-a56c-d9b3fabacd13', '00000000-0000-0000-0000-000000000001', 'Verificar validade carta de conducao', 60, false, true, '2026-03-28T00:51:40.661Z', '2026-03-28T01:28:46.039Z'),
  ('49980c6e-f24f-451e-8c9b-7be9467f5d74', '00000000-0000-0000-0000-000000000001', 'Verificar validade passaporte', 60, false, true, '2026-03-28T00:09:33.922Z', '2026-03-28T00:09:33.922Z'),
  ('54ee7e23-bcd9-45ef-bb10-ac4be047c13f', '00000000-0000-0000-0000-000000000001', 'Comprar Voos ida', 90, true, true, '2026-03-27T23:58:15.418Z', '2026-03-28T01:28:31.825Z'),
  ('6f8dc3b5-4582-4d92-bd55-8a1b01abbd70', '00000000-0000-0000-0000-000000000001', 'Verificar validade seguro europeu', 60, false, true, '2026-03-28T00:09:10.171Z', '2026-03-28T00:09:14.335Z'),
  ('b2b818c3-cd0e-4d23-b879-e4a982dbb256', '00000000-0000-0000-0000-000000000001', 'Verificar validade cartão de débito', 60, false, true, '2026-03-28T00:52:01.679Z', '2026-03-29T16:33:45.186Z'),
  ('c4af2584-7667-4f83-8c5a-d8cd34e3e808', '00000000-0000-0000-0000-000000000001', 'Comprar Voos Volta', 90, true, true, '2026-03-28T00:00:01.368Z', '2026-03-28T01:28:27.310Z'),
  ('d33a1e5b-bada-4903-85a7-2a8a2b4b583e', '00000000-0000-0000-0000-000000000001', 'Reservar Alojamento', 60, true, true, '2026-03-28T01:34:10.297Z', '2026-03-28T16:18:21.424Z'),
  ('e89af510-2a5f-4335-b312-98bf3e4a2705', '00000000-0000-0000-0000-000000000001', 'Verificar validade cartão de crédito', 60, false, true, '2026-03-28T00:52:09.442Z', '2026-03-29T16:33:27.212Z')
ON CONFLICT (id) DO NOTHING;

-- Task template tags
INSERT INTO task_template_tags (id, task_template_id, tag_id) VALUES
  ('2758a25f-d29f-4c35-b83b-4751103b6e44', '6f8dc3b5-4582-4d92-bd55-8a1b01abbd70', 'a9444a66-0cf0-4b3c-8f0b-1fab86d373b9'),
  ('490117c9-e421-47ef-a8c1-1fcc2b68746a', '12b23d34-4128-4d51-a65d-bcfbc87b6931', 'ea7ead68-f2e2-45dc-b005-af3e97b310f4'),
  ('4b8453ec-f82e-4317-84f7-82d617b04cdc', '1ee0061b-7a7a-4945-a56c-d9b3fabacd13', 'ea7ead68-f2e2-45dc-b005-af3e97b310f4'),
  ('4d72b1a8-3e74-4369-a7d3-0ba760be7d5a', '49980c6e-f24f-451e-8c9b-7be9467f5d74', '227382f4-868f-436f-844b-1353ff650770'),
  ('c2c4e21a-5a83-4fb1-b2fa-f7ab9345cf8a', '54ee7e23-bcd9-45ef-bb10-ac4be047c13f', 'b7a105f3-b242-47d6-a74b-5c837d79ab72'),
  ('da90e809-62f0-48b3-ac10-27d70c956ef4', 'c4af2584-7667-4f83-8c5a-d8cd34e3e808', 'b7a105f3-b242-47d6-a74b-5c837d79ab72'),
  ('e2181e00-e8f6-481f-9388-6b38283beb0d', 'd33a1e5b-bada-4903-85a7-2a8a2b4b583e', 'e5ab85a7-beca-479d-9b07-9fb9bb0502cd'),
  ('d943f157-6cb5-4a4c-9740-eca94604d081', '1d9a86a8-20e7-46dd-aea8-411d5a1f316c', 'a9444a66-0cf0-4b3c-8f0b-1fab86d373b9'),
  ('d54fcdea-d12d-49de-a756-08e8d87c8330', '1d9a86a8-20e7-46dd-aea8-411d5a1f316c', '227382f4-868f-436f-844b-1353ff650770'),
  ('0028d622-685f-4d4f-9ac0-dc0a0cec71d1', 'e89af510-2a5f-4335-b312-98bf3e4a2705', 'a9444a66-0cf0-4b3c-8f0b-1fab86d373b9'),
  ('ceb2f5f8-2f10-4fa8-90cf-eea25ec0cb86', 'e89af510-2a5f-4335-b312-98bf3e4a2705', '227382f4-868f-436f-844b-1353ff650770'),
  ('ed035d27-d084-4301-a96c-b21dd3f754d8', 'b2b818c3-cd0e-4d23-b879-e4a982dbb256', 'a9444a66-0cf0-4b3c-8f0b-1fab86d373b9'),
  ('ecc2d481-6f79-4e09-8bbd-7b877c15ad8f', 'b2b818c3-cd0e-4d23-b879-e4a982dbb256', '227382f4-868f-436f-844b-1353ff650770')
ON CONFLICT (id) DO NOTHING;

-- Task template profiles
INSERT INTO task_template_profiles (id, task_template_id, profile_id) VALUES
  ('25de06d5-a7b1-4ec8-8509-3bb760d1f9ed', '1ee0061b-7a7a-4945-a56c-d9b3fabacd13', '00000000-0000-0000-0001-000000000001'),
  ('9130a559-a017-4bed-8a39-00e1b1899873', '1ee0061b-7a7a-4945-a56c-d9b3fabacd13', '00000000-0000-0000-0001-000000000002'),
  ('f44265b7-d9f6-413c-9aa9-21f0cae1fc62', 'e89af510-2a5f-4335-b312-98bf3e4a2705', '00000000-0000-0000-0001-000000000001'),
  ('a3d43c91-ce11-4e20-9ebc-c4d292c63b4b', 'e89af510-2a5f-4335-b312-98bf3e4a2705', '00000000-0000-0000-0001-000000000002'),
  ('f1eb7f69-8df5-4cea-8f10-56da037f5e0e', 'b2b818c3-cd0e-4d23-b879-e4a982dbb256', '00000000-0000-0000-0001-000000000002'),
  ('fc1f1fc8-3a16-4a61-a2f0-750c0833c268', 'b2b818c3-cd0e-4d23-b879-e4a982dbb256', '00000000-0000-0000-0001-000000000001')
ON CONFLICT (id) DO NOTHING;

-- Vacation templates
INSERT INTO vacation_templates (id, family_id, title, country_code, cover_image_url, active, created_at, updated_at) VALUES
  ('ef204892-a003-4549-a46b-16e169f29309', '00000000-0000-0000-0000-000000000001', 'Coimbra', 'PRT', 'https://vblyzgjvseodveypmxdz.supabase.co/storage/v1/object/public/vacation-covers/00000000-0000-0000-0000-000000000001/templates/ef204892-a003-4549-a46b-16e169f29309.jpg', true, '2026-03-29T17:42:55.062Z', '2026-03-29T17:42:56.284Z')
ON CONFLICT (id) DO NOTHING;

-- Vacation template participants
INSERT INTO vacation_template_participants (id, vacation_template_id, profile_id, created_at) VALUES
  ('e6319446-d0a6-44d9-a152-0c28e21b31fb', 'ef204892-a003-4549-a46b-16e169f29309', '00000000-0000-0000-0001-000000000001', '2026-03-29T17:42:55.062Z'),
  ('caee2cc3-619c-42f3-8307-bf2f07db188f', 'ef204892-a003-4549-a46b-16e169f29309', '00000000-0000-0000-0001-000000000002', '2026-03-29T17:42:55.062Z'),
  ('c8ec6f06-d4ec-4eb6-ae4d-b3e8115befe2', 'ef204892-a003-4549-a46b-16e169f29309', '00000000-0000-0000-0001-000000000003', '2026-03-29T17:42:55.062Z'),
  ('454dccc6-47cd-4128-b85d-d6bf919baedc', 'ef204892-a003-4549-a46b-16e169f29309', '00000000-0000-0000-0001-000000000004', '2026-03-29T17:42:55.062Z')
ON CONFLICT (id) DO NOTHING;

-- Vacation template tags
INSERT INTO vacation_template_tags (id, vacation_template_id, tag_id) VALUES
  ('6981f370-af86-49d7-9f0d-894e7ac2ca65', 'ef204892-a003-4549-a46b-16e169f29309', '67d584db-d29e-4dd6-92a1-28d608e481ab'),
  ('72dff44e-93ff-4da8-b17c-b0d7cf51d03d', 'ef204892-a003-4549-a46b-16e169f29309', '917f675a-68d1-48dd-ad4f-9993a52a73f3'),
  ('b9f864bd-c034-43f4-b2b8-4f635fb8c151', 'ef204892-a003-4549-a46b-16e169f29309', '376d7631-ca2b-4ba6-9f8d-031648162147')
ON CONFLICT (id) DO NOTHING;

